{"chunk_definitions":[{"chunk_id":"cui8eada82iqg","expansion_state":0,"options":[],"row":13,"row_count":1,"visible":true},{"chunk_id":"c5zkmw6k9o20e","expansion_state":0,"options":[],"row":28,"row_count":1,"visible":true},{"chunk_id":"cgtfjsd5p4m7v","expansion_state":0,"options":[],"row":34,"row_count":1,"visible":true},{"chunk_id":"c958kv7ck2pjw","expansion_state":0,"options":[],"row":42,"row_count":1,"visible":true},{"chunk_id":"cxn5rpxz7p2tl","expansion_state":0,"options":[],"row":49,"row_count":1,"visible":true},{"chunk_id":"cuswj2ij7mvmw","expansion_state":0,"options":[],"row":56,"row_count":1,"visible":true},{"chunk_id":"clqdktgslyvl4","expansion_state":0,"options":[],"row":67,"row_count":1,"visible":true},{"chunk_id":"cfzpnwop1hqy6","expansion_state":0,"options":[],"row":92,"row_count":1,"visible":true},{"chunk_id":"cbt1ukint2k3g","expansion_state":0,"options":[],"row":97,"row_count":1,"visible":true},{"chunk_id":"crx95wmk9zfe0","expansion_state":0,"options":[],"row":104,"row_count":1,"visible":true},{"chunk_id":"c188jjh2ta65n","expansion_state":0,"options":[],"row":121,"row_count":1,"visible":true}],"doc_write_time":1605102723.6953}
