{"chunk_definitions":[{"row":7,"row_count":1,"visible":true,"expansion_state":0,"options":[],"document_id":null,"chunk_id":"cdw9eel18honp","chunk_label":"unnamed-chunk-1"},{"row":38,"row_count":1,"visible":true,"expansion_state":0,"options":[],"document_id":null,"chunk_id":"cx2pdpwscdsfw","chunk_label":"unnamed-chunk-2"},{"row":45,"row_count":1,"visible":true,"expansion_state":0,"options":[],"document_id":null,"chunk_id":"chl0sfiq4wl1c","chunk_label":"unnamed-chunk-3"},{"row":51,"row_count":1,"visible":true,"expansion_state":0,"options":[],"document_id":null,"chunk_id":"cb3d9u2vfdw40","chunk_label":"unnamed-chunk-4"},{"row":60,"row_count":1,"visible":true,"expansion_state":0,"options":[],"document_id":null,"chunk_id":"c2vxfvjkczjtd","chunk_label":"unnamed-chunk-5"}],"doc_write_time":1601979241}