{"chunk_definitions":[{"row":30,"row_count":1,"visible":true,"expansion_state":0,"options":{"engine":"r","label":"unnamed-chunk-6"},"document_id":"3508A0E8","chunk_id":"cb3tpvfmlrgc1","chunk_label":"unnamed-chunk-1"},{"row":53,"row_count":1,"visible":true,"expansion_state":0,"options":{"engine":"r","label":"unnamed-chunk-4"},"document_id":"3508A0E8","chunk_id":"c96vz9fzjc9nh","chunk_label":"unnamed-chunk-3"},{"row":59,"row_count":1,"visible":true,"expansion_state":0,"options":{"engine":"r","label":"qqplot","echo":false,"fig.cap":"The quantiles for the normal distribution","out.width":"90%"},"document_id":"3508A0E8","chunk_id":"cbqtvqzm9q4as","chunk_label":"qqplot"},{"row":67,"row_count":1,"visible":true,"expansion_state":0,"options":{"engine":"r","label":"unnamed-chunk-8"},"document_id":"3508A0E8","chunk_id":"c2q0rm6s30ylk","chunk_label":"unnamed-chunk-4"},{"row":78,"row_count":1,"visible":true,"expansion_state":0,"options":{"engine":"r","label":"unnamed-chunk-9"},"document_id":"3508A0E8","chunk_id":"c3q7qnajyvfj2","chunk_label":"unnamed-chunk-5"},{"row":91,"row_count":1,"visible":true,"expansion_state":0,"options":{"engine":"r","label":"unnamed-chunk-10"},"document_id":"3508A0E8","chunk_id":"cbfb502myebo6","chunk_label":"unnamed-chunk-6"}],"doc_write_time":1605642957}