{"chunk_definitions":[{"row":11,"row_count":1,"visible":true,"expansion_state":0,"options":{"engine":"r","label":"setup","include":false},"document_id":"2136661E","chunk_id":"csetup_chunk","chunk_label":"setup"},{"row":99,"row_count":1,"visible":true,"expansion_state":0,"options":{"engine":"r","label":"unnamed-chunk-42"},"document_id":"2136661E","chunk_id":"cfxkgnwbcul9h","chunk_label":"unnamed-chunk-5"},{"row":120,"row_count":1,"visible":true,"expansion_state":0,"options":{"engine":"r","fig.height":2,"fig.width":4,"fig.fullwidth":true,"label":"unnamed-chunk-13"},"document_id":"2136661E","chunk_id":"ciaul6c1d4zhd","chunk_label":"unnamed-chunk-6"},{"row":159,"row_count":1,"visible":true,"expansion_state":0,"options":{"engine":"r","label":"unnamed-chunk-27"},"document_id":"2136661E","chunk_id":"cddgbw32zorn1","chunk_label":"unnamed-chunk-8"}],"doc_write_time":1606305513,"working_dir":null,"default_chunk_options":{"echo":false,"fig.align":true},"chunk_rendered_width":607}