{"chunk_definitions":[{"row":18,"row_count":1,"visible":true,"expansion_state":0,"options":{"engine":"r","label":"unnamed-chunk-2"},"document_id":"96FFDF21","chunk_id":"cx329fbaewm79","chunk_label":"unnamed-chunk-1"},{"row":24,"row_count":1,"visible":true,"expansion_state":0,"options":{"engine":"r","label":"unnamed-chunk-3"},"document_id":"96FFDF21","chunk_id":"cpxn1uwnhxnnj","chunk_label":"unnamed-chunk-2"},{"row":31,"row_count":1,"visible":true,"expansion_state":0,"options":{"engine":"r","label":"unnamed-chunk-4"},"document_id":"96FFDF21","chunk_id":"c7fxib56110y6","chunk_label":"unnamed-chunk-3"},{"row":40,"row_count":1,"visible":true,"expansion_state":0,"options":{"engine":"r","label":"unnamed-chunk-5"},"document_id":"96FFDF21","chunk_id":"covxlg6gw6ke1","chunk_label":"unnamed-chunk-4"},{"row":49,"row_count":1,"visible":true,"expansion_state":0,"options":{"engine":"r","label":"unnamed-chunk-6"},"document_id":"96FFDF21","chunk_id":"cbiybnm2cwze5","chunk_label":"unnamed-chunk-5"},{"row":69,"row_count":1,"visible":true,"expansion_state":0,"options":{"engine":"r","label":"unnamed-chunk-8"},"document_id":"96FFDF21","chunk_id":"cvnl8e0si9uxy","chunk_label":"unnamed-chunk-6"},{"row":76,"row_count":1,"visible":true,"expansion_state":0,"options":{"engine":"r","label":"unnamed-chunk-9"},"document_id":"96FFDF21","chunk_id":"cv9f982s1p7l8","chunk_label":"unnamed-chunk-7"},{"row":82,"row_count":1,"visible":true,"expansion_state":0,"options":{"engine":"r","label":"unnamed-chunk-10"},"document_id":"96FFDF21","chunk_id":"ci19aknhj592b","chunk_label":"unnamed-chunk-8"},{"row":91,"row_count":1,"visible":true,"expansion_state":0,"options":{"engine":"r","label":"unnamed-chunk-11"},"document_id":"96FFDF21","chunk_id":"cnm70mrkcozq3","chunk_label":"unnamed-chunk-9"},{"row":95,"row_count":1,"visible":true,"expansion_state":0,"options":{"engine":"r","label":"unnamed-chunk-12"},"document_id":"96FFDF21","chunk_id":"c7mawfp7kha6g","chunk_label":"unnamed-chunk-10"},{"row":102,"row_count":1,"visible":true,"expansion_state":0,"options":{"engine":"r","label":"unnamed-chunk-13"},"document_id":"96FFDF21","chunk_id":"ck0c9as9jjgcc","chunk_label":"unnamed-chunk-11"}],"doc_write_time":1605634500}